date,close
2021-12-12 22:01:23.470,0.09523538405762835
2021-12-12 23:02:28.746,0.10137085305681831
2021-12-13 00:01:45.211,0.10761342238623395
2021-12-13 01:18:03.499,0.11025410851223892
2021-12-13 02:18:02.909,0.10916572979640889
2021-12-13 03:19:44.972,0.1111900209046437
2021-12-13 04:17:53.700,0.10071643778053288
2021-12-13 05:17:49.560,0.09939846132828555
2021-12-13 06:17:53.901,0.10181364453835574
2021-12-13 07:17:10.089,0.10172712104325186
2021-12-13 08:19:11.428,0.10264635689822076
2021-12-13 09:18:21.044,0.10605733191208927
2021-12-13 10:18:43.672,0.11814471035008035
2021-12-13 11:18:06.767,0.1309613458765969
2021-12-13 12:18:11.159,0.13258666607494368
2021-12-13 13:05:42.127,0.13710640466337387
2021-12-13 14:09:03.656,0.1625393574093161
2021-12-13 15:01:43.871,0.15724200904371216
2021-12-13 16:05:30.355,0.13216765207992678
2021-12-13 17:03:27.786,0.13459604025132751
2021-12-13 18:03:47.581,0.12828754958084967
2021-12-13 19:01:14.992,0.1296191669320669
2021-12-13 20:02:58.220,0.13096782001929522
2021-12-13 21:14:24.130,0.1381026915603394
2021-12-13 22:14:21.321,0.13348903259655862
2021-12-13 23:14:01.681,0.1319527841327538
2021-12-14 00:14:38.720,0.13243651238003046
2021-12-14 01:14:14.595,0.13350640017637336
2021-12-14 02:14:08.430,0.13350089005190413
2021-12-14 03:13:28.800,0.1373450376534238
2021-12-14 04:14:00.514,0.13946987293759175
2021-12-14 05:13:42.509,0.144616458879478
2021-12-14 06:14:27.442,0.1364711292249437
2021-12-14 07:13:43.294,0.1355646401684764
2021-12-14 08:13:44.348,0.12980900787723232
2021-12-14 09:14:33.288,0.13126935826687722
2021-12-14 10:14:50.162,0.13195501583264055
2021-12-14 11:14:17.085,0.13407424336112114
2021-12-14 12:15:17.249,0.1359286801629824
2021-12-14 13:15:25.407,0.1355915521383765
2021-12-14 14:14:37.978,0.12936173958633163
2021-12-14 15:18:20.352,0.13672695025422582
2021-12-14 16:13:36.912,0.13823416070575759
2021-12-14 17:13:53.490,0.1371538427737828
2021-12-14 18:14:13.629,0.1354750683364318
2021-12-14 19:14:30.078,0.13671460783385875
2021-12-14 20:14:53.430,0.13813469729167668
2021-12-14 21:14:28.932,0.14200916540147662
2021-12-14 22:14:25.743,0.1419573183164526
2021-12-14 23:14:14.232,0.1300467978690265
2021-12-15 00:14:59.392,0.12980562544755794
2021-12-15 01:14:57.174,0.12815459783532387
2021-12-15 02:14:30.250,0.12924886702259814
2021-12-15 03:14:56.698,0.13115716354001866
2021-12-15 04:14:40.946,0.13567515032749072
2021-12-15 05:15:07.317,0.1394233173196384
2021-12-15 06:14:44.366,0.13977589257156248
2021-12-15 07:15:22.206,0.139757275335168
2021-12-15 08:14:27.844,0.13904435064636278
2021-12-15 09:14:57.083,0.14771643261921097
2021-12-15 10:16:48.745,0.1502271522774255
2021-12-15 11:14:52.343,0.16073612843900015
2021-12-15 12:15:13.291,0.16030412590926996
2021-12-15 13:14:58.162,0.1514408207992185
2021-12-15 14:14:21.779,0.14876508938631464
2021-12-15 15:14:56.911,0.1477367331112894
2021-12-15 16:14:25.551,0.14524356293324409
2021-12-15 17:14:58.052,0.13647070145496354
2021-12-15 18:15:19.724,0.13886761146107546
2021-12-15 19:14:55.225,0.1447236933484022
2021-12-15 20:15:34.033,0.14647703037856208
2021-12-15 21:14:40.056,0.14829317023287975
2021-12-15 22:15:24.819,0.15260721565108262
2021-12-15 23:14:51.448,0.1575786676648703
2021-12-16 00:15:54.370,0.1608934524279733
2021-12-16 01:18:29.077,0.16171211879585712
2021-12-16 02:18:18.798,0.15049118000998304
2021-12-16 03:17:29.114,0.14947198658311905
2021-12-16 04:18:08.158,0.1335500415645035
2021-12-16 05:18:33.780,0.14186927945408678
2021-12-16 06:17:29.955,0.15268488444094766
2021-12-16 07:18:26.577,0.15828477687517684
2021-12-16 08:17:38.796,0.1541948083014792
2021-12-16 09:20:48.353,0.15705996337837924
2021-12-16 10:21:15.906,0.1774625745033146
2021-12-16 11:18:17.347,0.18001292219939174
2021-12-16 12:17:19.454,0.17947046098100974
2021-12-16 13:17:27.678,0.16920412385900307
2021-12-16 14:17:43.332,0.173376125704611
2021-12-16 15:17:36.856,0.16984089662942925
2021-12-16 16:18:14.910,0.175894393511812
2021-12-16 17:17:59.404,0.17084778420145816
2021-12-16 18:17:56.087,0.1678633746813723
2021-12-16 19:17:53.752,0.16543274559572618
2021-12-16 20:18:23.584,0.16328716221208459
2021-12-16 21:18:02.490,0.16820916062158997
2021-12-16 22:18:09.547,0.16907946707793653
2021-12-16 23:18:42.732,0.16670117119339167
2021-12-17 00:19:15.457,0.17196755111860648
2021-12-17 01:17:35.592,0.16901071650671823
2021-12-17 02:17:18.505,0.16944021588854083
2021-12-17 03:17:29.900,0.17260162694585085
2021-12-17 04:17:34.409,0.17193997734093067
2021-12-17 05:18:35.838,0.1743829108492379
2021-12-17 06:19:43.123,0.17493391720865242
2021-12-17 07:18:16.102,0.16885335955603378
2021-12-17 08:17:52.714,0.1709162920157398
2021-12-17 09:18:48.619,0.16980618091431332
2021-12-17 10:18:24.591,0.16964337392132375
2021-12-17 11:21:51.367,0.16809278995423982
2021-12-17 12:18:26.041,0.1632196316357873
2021-12-17 13:18:03.695,0.16503087180786036
2021-12-17 14:17:52.333,0.16525289749435457
2021-12-17 15:18:22.908,0.16657768840635673
2021-12-17 16:18:17.964,0.17276617244300124
2021-12-17 17:17:38.936,0.1765792912756705
2021-12-17 18:18:26.389,0.17255637895680095
2021-12-17 19:17:47.179,0.17293609499350876
2021-12-17 20:18:33.555,0.17202807472656176
2021-12-17 21:17:52.177,0.1697600785629442
2021-12-17 22:17:40.236,0.17204966299453717
2021-12-17 23:17:31.054,0.1734419189240432
2021-12-18 00:18:00.089,0.17674674244511024
2021-12-18 01:17:34.833,0.17707089602389706
2021-12-18 02:17:54.692,0.17864133547458935
2021-12-18 03:17:50.388,0.17424785362272277
2021-12-18 04:17:54.104,0.1736005447116435
2021-12-18 05:18:24.208,0.17354732424104866
2021-12-18 06:18:22.245,0.17898200126587618
2021-12-18 07:17:58.574,0.16952175743478093
2021-12-18 08:17:25.239,0.17107409556085104
2021-12-18 09:19:18.061,0.18026124259782123
2021-12-18 10:18:46.651,0.1806196693503836
2021-12-18 11:18:12.447,0.16843408207584634
2021-12-18 12:18:17.208,0.1709633697904928
2021-12-18 13:18:03.914,0.16420214586086232
2021-12-18 14:18:25.824,0.1653504124686594
2021-12-18 15:18:44.254,0.16568594055651972
2021-12-18 16:18:09.153,0.1492316876125185
2021-12-18 17:18:18.991,0.1478594793985117
2021-12-18 18:18:23.817,0.15641469568293626
2021-12-18 19:17:59.269,0.15676170211670679
2021-12-18 20:18:29.262,0.15190291554532373
2021-12-18 21:18:15.245,0.1537703480535332
2021-12-18 22:18:45.973,0.1937715199535318
2021-12-18 23:18:18.928,0.17950922080171186
2021-12-19 00:18:47.304,0.18575880314434967
2021-12-19 01:18:28.355,0.18270806011144827
2021-12-19 02:18:07.203,0.19216552727319325
2021-12-19 03:17:58.433,0.19087029042476916
2021-12-19 04:18:18.698,0.20084858577512377
2021-12-19 05:21:11.608,0.1902548546675933
2021-12-19 06:17:54.463,0.2048213381778835
2021-12-19 07:18:06.598,0.22647014909995564
2021-12-19 08:17:50.212,0.21116258020416476
2021-12-19 09:18:13.407,0.22151008307975084
2021-12-19 10:18:39.228,0.22148668323193224
2021-12-19 11:17:58.059,0.2029625353260801
2021-12-19 12:18:41.817,0.2016642715064876
2021-12-19 13:18:49.687,0.1944558952670225
2021-12-19 14:17:57.513,0.20376468951685645
2021-12-19 15:18:39.908,0.20324052876227308
2021-12-19 16:18:17.274,0.2047289342711579
2021-12-19 17:18:06.919,0.2075919993939959
2021-12-19 18:18:31.430,0.21263259006395277
2021-12-19 19:17:58.485,0.21924796140707686
2021-12-19 20:19:07.202,0.19834926846453438
2021-12-19 21:17:43.345,0.20245473784217757
2021-12-19 22:18:18.562,0.19007901824251242
2021-12-19 23:18:22.140,0.2048080155827564
2021-12-20 00:18:58.030,0.18701852522428639
2021-12-20 01:18:13.288,0.18112965131802086
2021-12-20 02:18:10.974,0.18935463656873724
2021-12-20 03:17:02.559,0.18889273746957605
2021-12-20 04:20:19.469,0.18860410145987055
2021-12-20 05:18:17.516,0.18170935164952406
2021-12-20 06:18:22.411,0.18547718536097166
2021-12-20 07:18:17.686,0.1972902401345838
2021-12-20 08:18:06.782,0.19720253436481763
2021-12-20 09:19:43.439,0.19602643855112542
2021-12-20 10:18:55.711,0.1971715333012828
2021-12-20 11:18:14.897,0.18040488376160893
2021-12-20 12:18:24.404,0.18582199257162327
2021-12-20 13:18:34.059,0.1653712937060279
2021-12-20 14:18:22.924,0.16723685216785686
2021-12-20 15:18:46.467,0.16987926955137836
2021-12-20 16:18:16.459,0.16982531641171605
2021-12-20 17:18:21.255,0.17653447810410325
2021-12-20 18:18:30.084,0.18376855159430694
2021-12-20 19:18:32.430,0.18650989833301254
2021-12-20 20:19:09.793,0.18405169307831787
2021-12-20 21:18:44.909,0.18196578111629338
2021-12-20 22:18:07.585,0.16531194067670932
2021-12-20 23:17:55.224,0.17680544861384972
2021-12-21 00:19:14.183,0.18317404820114988
2021-12-21 01:18:43.740,0.18054485967165324
2021-12-21 02:18:10.155,0.17606281728290438
2021-12-21 03:19:02.608,0.1760679119926193
2021-12-21 04:18:56.887,0.177531048643543
2021-12-21 05:18:46.369,0.17673002801616336
2021-12-21 06:18:27.600,0.17723439740762717
2021-12-21 07:18:41.794,0.17644864466026114
2021-12-21 08:18:26.366,0.17388697616801077
2021-12-21 09:19:18.411,0.17300022495634265
2021-12-21 10:19:06.432,0.17905882737978923
2021-12-21 11:19:04.023,0.18019153835466442
2021-12-21 12:18:57.341,0.1811176023079123
2021-12-21 13:19:04.101,0.17668936437729083
2021-12-21 14:18:31.288,0.18205096654567413
2021-12-21 15:19:08.659,0.18987111991564204
2021-12-21 16:18:55.395,0.19200870722216848
2021-12-21 17:18:19.272,0.19047066240402047
2021-12-21 18:18:15.666,0.19008802607776512
2021-12-21 19:18:32.497,0.1728854568057494
2021-12-21 20:19:25.947,0.17686403268934447
2021-12-21 21:18:57.300,0.17641653690549994
2021-12-21 22:18:28.608,0.17777870984768143
2021-12-21 23:18:26.949,0.18187378510057936
2021-12-22 00:19:19.171,0.1805878253801706
2021-12-22 01:18:32.001,0.17942272101845638
2021-12-22 02:18:41.005,0.18116359604246768
2021-12-22 03:19:04.365,0.1792158622362126
2021-12-22 04:23:44.073,0.17966260582811697
2021-12-22 05:23:38.955,0.1762994522163577
2021-12-22 06:17:24.411,0.17557292952958262
2021-12-22 07:18:58.110,0.17469817388752001
2021-12-22 08:20:50.652,0.17018247730872893
2021-12-22 09:20:02.471,0.17196944219968002
2021-12-22 10:19:08.403,0.17550242659381363
2021-12-22 11:18:24.084,0.17759148197143945
2021-12-22 12:19:00.563,0.17534525949623989
2021-12-22 13:19:18.657,0.1772269175481535
2021-12-22 14:18:54.705,0.18347317302367813
2021-12-22 15:18:54.330,0.18013503571632644
2021-12-22 16:18:29.997,0.18071583192898416
2021-12-22 17:18:48.629,0.16622203282139164
2021-12-22 18:18:29.826,0.1717931951848306
2021-12-22 19:18:30.568,0.1747824541483008
2021-12-22 20:19:02.428,0.16914328990329044
2021-12-22 21:18:40.439,0.16842973609044062
2021-12-22 22:18:29.041,0.17209929322986273
2021-12-22 23:18:45.803,0.17222599147907452
2021-12-23 00:18:52.867,0.17494394006490255
2021-12-23 01:18:38.012,0.17672683755952576
2021-12-23 02:18:55.527,0.17883647670170222
2021-12-23 03:18:06.774,0.17373098665207123
2021-12-23 04:19:13.946,0.1751505929397774
2021-12-23 05:19:38.184,0.17536208531418992
2021-12-23 06:19:37.986,0.17574783245716066
2021-12-23 07:18:28.278,0.1762209748350083
2021-12-23 08:19:05.893,0.17549691570734138
2021-12-23 09:21:17.309,0.1754742985750736
2021-12-23 10:20:02.530,0.17568612488414492
2021-12-23 11:18:40.975,0.17590356320552822
2021-12-23 12:19:21.363,0.17754871704124087
2021-12-23 13:19:37.344,0.17861200856773973
2021-12-23 14:19:06.219,0.17838778592407475
2021-12-23 15:20:06.293,0.17522584572229755
2021-12-23 16:17:08.804,0.17908558560800406
2021-12-23 17:17:39.934,0.17906044468369922
2021-12-23 18:19:24.341,0.18473340181822798
2021-12-23 19:19:59.268,0.18551765994619743
2021-12-23 20:19:49.357,0.19075777945894667
2021-12-23 21:19:34.100,0.18649092975800383
2021-12-23 22:18:48.185,0.1846253630533788
2021-12-23 23:19:40.293,0.18296266569506464
2021-12-24 00:20:56.021,0.1839413976688306
2021-12-24 01:19:38.143,0.18237871846176543
2021-12-24 02:18:51.667,0.1875743026247803
2021-12-24 03:18:37.270,0.18878460605126418
2021-12-24 04:18:11.760,0.19021137593398463
2021-12-24 05:19:33.244,0.18947118108378577
2021-12-24 06:18:49.639,0.1809677177931807
2021-12-24 07:18:36.298,0.18066147203065802
2021-12-24 08:19:18.184,0.18137818389598695
2021-12-24 09:19:59.098,0.1789256605248478
2021-12-24 10:19:38.175,0.179818989974485
2021-12-24 11:18:57.598,0.21064216063436722
2021-12-24 12:19:07.907,0.23019528358937355
2021-12-24 13:19:44.626,0.20880566916250376
2021-12-24 14:19:20.053,0.2135552338520833
2021-12-24 15:19:46.112,0.21480396961785675
2021-12-24 16:18:46.328,0.2171894450214177
2021-12-24 17:19:24.821,0.2159744581451619
2021-12-24 18:19:30.686,0.2186510756092267
2021-12-24 19:19:24.736,0.21810511640090777
2021-12-24 20:20:29.767,0.2138133521241028
2021-12-24 21:19:12.613,0.2087152914920609
2021-12-24 22:18:30.487,0.21439335943497434
2021-12-24 23:19:14.620,0.21327310771582347
2021-12-25 00:19:52.046,0.21463013363695504
2021-12-25 01:19:17.795,0.2173453040298084
2021-12-25 02:19:28.788,0.2299805790232319
2021-12-25 03:19:24.100,0.22684262601015545
2021-12-25 04:18:58.502,0.2301952847412205
2021-12-25 05:19:30.192,0.22738248597821914
2021-12-25 06:19:22.081,0.2158137661384407
2021-12-25 07:19:04.115,0.20897936873049333
2021-12-25 08:19:26.973,0.2088408504448938
2021-12-25 09:21:15.047,0.2089716466950432
2021-12-25 10:19:31.725,0.21445999500506485
2021-12-25 11:19:12.698,0.21018535279949727
2021-12-25 12:19:18.259,0.2105510088054089
2021-12-25 13:19:25.064,0.2115833459251945
2021-12-25 14:20:06.121,0.21619930612795857
2021-12-25 15:19:25.669,0.21533790486257703
2021-12-25 16:19:15.937,0.2126271035066866
2021-12-25 17:19:11.576,0.20392846836162243
2021-12-25 18:19:26.224,0.2060625177059516
2021-12-25 19:19:42.830,0.20381904220063776
2021-12-25 20:20:28.404,0.203467928851995
2021-12-25 21:19:02.457,0.20552335992234294
2021-12-25 22:18:58.444,0.20521403590003298
2021-12-25 23:19:10.179,0.20798734891575063
2021-12-26 00:20:32.907,0.208134961181355
2021-12-26 01:19:25.349,0.2085191415884898
2021-12-26 02:18:57.793,0.20579955999723454
2021-12-26 03:18:59.386,0.20244388218446485
2021-12-26 04:19:16.587,0.19910330024922765
2021-12-26 05:19:33.338,0.20508808240863963
2021-12-26 06:19:29.412,0.2065238565402692
2021-12-26 07:19:01.965,0.21155693586142152
2021-12-26 08:18:45.862,0.2125824872295385
2021-12-26 09:19:40.809,0.20991131569087526
2021-12-26 10:19:50.092,0.20981310011469098
2021-12-26 11:19:36.531,0.20675567059448144
2021-12-26 12:19:09.721,0.2057573859238335
2021-12-26 13:19:40.742,0.20625332661198215
2021-12-26 14:19:33.652,0.20989548839930436
2021-12-26 15:20:47.063,0.21011129864233963
2021-12-26 16:18:58.980,0.21416492504463305
2021-12-26 17:19:18.517,0.2123466668345578
2021-12-26 18:19:00.282,0.21268163913122484
2021-12-26 19:19:02.503,0.21498493823963294
2021-12-26 20:19:40.871,0.21536542998291894
2021-12-26 21:19:09.653,0.2154610154770527
2021-12-26 22:19:30.521,0.21611602906914704
2021-12-26 23:19:20.879,0.216069843303441
2021-12-27 00:19:47.036,0.21696904690624905
2021-12-27 01:18:21.380,0.20965696097862968
2021-12-27 02:18:15.409,0.2098338834625763
2021-12-27 03:18:50.109,0.2096722763679113
2021-12-27 04:18:41.403,0.21210722785143984
2021-12-27 05:19:31.117,0.20938725899738297
2021-12-27 06:18:35.305,0.2094733704224525
2021-12-27 07:18:44.175,0.2097394148299649
2021-12-27 08:19:14.764,0.20983107763088374
2021-12-27 09:19:01.257,0.2083389211932389
2021-12-27 10:19:16.475,0.21105943755136222
2021-12-27 11:18:39.831,0.20667420623584115
2021-12-27 12:19:17.103,0.21054040935838758
2021-12-27 13:18:45.560,0.21019567867374672
2021-12-27 14:18:45.727,0.21156735231891793
2021-12-27 15:19:56.494,0.20020986791198966
2021-12-27 16:19:08.325,0.2029322363127084
2021-12-27 17:18:53.969,0.2093471755818617
2021-12-27 18:19:16.532,0.2019156973136046
2021-12-27 19:22:39.570,0.20592964295997737
2021-12-27 20:23:20.508,0.2073703810349904
2021-12-27 21:22:54.412,0.2112331702302125
2021-12-27 22:22:37.621,0.20956694892719693
2021-12-27 23:23:20.419,0.18750809366036064
2021-12-28 00:23:46.656,0.20475722095919205
2021-12-28 01:22:56.981,0.20079070157325346
2021-12-28 02:21:58.720,0.1949668222615058
2021-12-28 03:22:29.867,0.1979909103798523
2021-12-28 04:22:10.936,0.1977789406371431
2021-12-28 05:23:11.932,0.20223304066790668
2021-12-28 06:22:20.482,0.20396133155431775
2021-12-28 07:23:43.208,0.20342552599513702
2021-12-28 08:23:14.203,0.20332554850536172
2021-12-28 09:23:50.804,0.2024750261867624
2021-12-28 10:23:32.855,0.2022822849342388
2021-12-28 11:22:57.531,0.2034471954269505
2021-12-28 12:23:41.531,0.20190271108468727
2021-12-28 13:26:14.512,0.20172150788747167
2021-12-28 14:23:13.055,0.17593305026392844
2021-12-28 15:23:59.237,0.1884840627977224
2021-12-28 16:22:47.047,0.1783769090684551
2021-12-28 17:21:13.688,0.17429759015961624
2021-12-28 18:22:45.749,0.17256436801951347
2021-12-28 19:22:28.772,0.18110213334136804
2021-12-28 20:23:28.426,0.17423801284240695
2021-12-28 21:22:28.996,0.17572480056693884
2021-12-28 22:22:40.558,0.1772165171800502
2021-12-28 23:22:53.771,0.17845418177136363
2021-12-29 00:23:28.088,0.17727670799494433
2021-12-29 01:22:47.007,0.1798668250546375
2021-12-29 02:22:34.059,0.18047452913850465
2021-12-29 03:21:57.801,0.18401678665453414
2021-12-29 04:22:29.881,0.18264183521066818
2021-12-29 05:24:46.646,0.179871560321244
2021-12-29 06:22:29.096,0.18241329864760025
2021-12-29 07:22:57.594,0.18664890365846046
2021-12-29 08:22:46.547,0.1866376764121572
2021-12-29 09:23:23.605,0.18567828992249877
2021-12-29 10:23:45.414,0.1851130212115166
2021-12-29 11:22:04.201,0.18840739726206732
2021-12-29 12:23:13.361,0.18604842657966877
2021-12-29 13:23:18.686,0.18344933243831613
2021-12-29 14:21:24.531,0.18421742024755874
2021-12-29 15:23:53.385,0.185339460961176
2021-12-29 16:22:22.232,0.1847943803340136
2021-12-29 17:22:50.498,0.1913538714634937
2021-12-29 18:23:33.548,0.1943026106545628
2021-12-29 19:22:46.618,0.19344941120269735
2021-12-29 20:23:32.741,0.1940491047817685
2021-12-29 21:23:46.777,0.18986516416520477
2021-12-29 22:22:30.721,0.18402318694064085
2021-12-29 23:22:41.201,0.18993890463511673
2021-12-30 00:24:00.176,0.1824782942345722
2021-12-30 01:24:00.874,0.17591754011973937
2021-12-30 02:24:04.338,0.17472321100250585
2021-12-30 03:22:43.710,0.17479687195562835
2021-12-30 04:22:35.213,0.17698235578522875
2021-12-30 05:23:13.730,0.17584643505822012
2021-12-30 06:22:04.590,0.17681118359435644
2021-12-30 07:23:07.283,0.17910765165809628
2021-12-30 08:22:06.344,0.17663056810210045
2021-12-30 09:24:42.901,0.1795398729726741
2021-12-30 10:23:35.175,0.17856539651899944
2021-12-30 11:23:07.350,0.18363794835550204
2021-12-30 12:22:45.866,0.18307376820659083
2021-12-30 13:24:17.390,0.17952867174227835
2021-12-30 14:23:02.405,0.18294102475746463
2021-12-30 15:23:37.252,0.1821977121823397
2021-12-30 16:23:22.032,0.17746945068382516
2021-12-30 17:23:19.583,0.17781583561141834
2021-12-30 18:23:10.729,0.17118889036607535
2021-12-30 19:22:18.952,0.18039384673886372
2021-12-30 20:23:42.274,0.17342219245433058
2021-12-30 21:23:50.290,0.17241004166413798
2021-12-30 22:23:06.721,0.1733853919198139
2021-12-30 23:23:06.437,0.17455520699278174
2021-12-31 00:24:14.846,0.16279059819688033
2021-12-31 01:22:10.546,0.168801003122247
2021-12-31 02:22:45.746,0.16997698117423082
2021-12-31 03:21:51.898,0.17071685334554787
2021-12-31 04:22:46.010,0.17225611497051027
2021-12-31 05:23:37.482,0.17148022186034317
2021-12-31 06:21:43.698,0.1721629198941086
2021-12-31 07:23:13.993,0.17152938766005998
2021-12-31 08:22:06.307,0.17394358003357796
2021-12-31 09:23:33.107,0.1734737589310716
2021-12-31 10:23:35.149,0.17497986054184886
2021-12-31 11:22:58.675,0.1644132932537355
2021-12-31 12:23:29.994,0.16708430468556584
2021-12-31 13:22:01.882,0.1679698012235342
2021-12-31 14:22:38.317,0.16010655770424095
2021-12-31 15:24:11.218,0.16791635445371272
2021-12-31 16:23:08.980,0.16186538805163958
2021-12-31 17:22:43.222,0.16069321316929888
2021-12-31 18:23:12.064,0.16478721135812902
2021-12-31 19:22:41.200,0.16539100502167095
2021-12-31 20:23:37.352,0.1642158040783233
2021-12-31 21:23:07.246,0.16332427600660152
2021-12-31 22:22:12.719,0.16955632335372162
2021-12-31 23:23:20.401,0.17032652238762044
2022-01-01 00:23:47.532,0.16680296916765502
2022-01-01 01:23:25.590,0.16868586033893
2022-01-01 02:23:03.508,0.16758986507383067
2022-01-01 03:22:29.066,0.16545486687077288
2022-01-01 04:23:59.537,0.1659501189048859
2022-01-01 05:23:24.365,0.1651398002309905
2022-01-01 06:23:18.474,0.16538441788434782
2022-01-01 07:22:12.413,0.16549898818662467
2022-01-01 08:23:01.466,0.16794224197570734
2022-01-01 09:38:30.419,0.16652805780414076
2022-01-01 10:23:34.703,0.1650070225052629
2022-01-01 11:22:12.524,0.16423192641090004
2022-01-01 12:23:38.536,0.16249273032425077
2022-01-01 13:24:06.718,0.16474193851327223
2022-01-01 14:22:37.765,0.1648206994642365
2022-01-01 15:23:26.486,0.16752959436707013
2022-01-01 16:22:43.299,0.1698260775813243
2022-01-01 17:23:07.005,0.16147831828548276
2022-01-01 18:23:02.902,0.16786161895453935
2022-01-01 19:23:23.114,0.16215063527466092
2022-01-01 20:23:56.423,0.16207605550502574
2022-01-01 21:23:06.707,0.16949151277460006
2022-01-01 22:22:49.970,0.16749043418018966
2022-01-01 23:23:17.416,0.16291847489384634
2022-01-02 00:24:26.579,0.16276411644436753
2022-01-02 01:23:37.591,0.1601794439658687
2022-01-02 02:23:11.463,0.16206099647671426
2022-01-02 03:21:51.091,0.16968074897827298
2022-01-02 04:23:18.174,0.16929827200365427
2022-01-02 05:23:50.186,0.16913575845943662
2022-01-02 06:22:31.984,0.17062202147573
2022-01-02 07:22:59.122,0.16975122744054813
2022-01-02 08:21:45.901,0.16973371264002274
2022-01-02 09:27:08.924,0.1698951586813475
2022-01-02 10:23:13.872,0.16975868588815837
2022-01-02 11:22:13.739,0.15579554704358414
2022-01-02 12:23:39.382,0.15709385331452158
2022-01-02 13:23:53.172,0.15812746283043158
2022-01-02 14:23:05.551,0.15266494619102897
2022-01-02 15:23:24.958,0.15298261798374874
2022-01-02 16:22:18.457,0.1548217959065355
2022-01-02 17:22:16.029,0.15890691027521184
2022-01-02 18:22:35.105,0.16227068932329444
2022-01-02 19:23:05.165,0.163465932184687
2022-01-02 20:23:32.551,0.16479164822509884
2022-01-02 21:22:03.883,0.1481811985990626
2022-01-02 22:21:56.513,0.15063141160205598
2022-01-02 23:22:35.348,0.15125103819277494
2022-01-03 00:23:12.072,0.1498814542034082
2022-01-03 01:31:49.310,0.14023632277136916
2022-01-03 02:29:58.073,0.15041619400362397
2022-01-03 03:30:47.837,0.15011460945863164
2022-01-03 04:31:09.118,0.14721490172116322
2022-01-03 05:32:21.428,0.13810841140382382
2022-01-03 06:31:34.903,0.14008707354126337
2022-01-03 07:32:20.342,0.13958067144125452
2022-01-03 08:31:54.375,0.14018775490184074
2022-01-03 09:44:56.898,0.14004765085936893
2022-01-03 10:33:15.798,0.13786381350930907
2022-01-03 11:31:50.672,0.13621459432414795
2022-01-03 12:34:15.065,0.15518904310788964
2022-01-03 13:31:33.871,0.1570222802642828
2022-01-03 14:30:47.936,0.15768957238014644
2022-01-03 15:33:06.725,0.15358614049376543
2022-01-03 16:30:16.508,0.14881149389858295
2022-01-03 17:32:16.771,0.15225711866866612
2022-01-03 18:33:22.430,0.15388784940096334
2022-01-03 19:33:00.854,0.1515429103578608
2022-01-03 20:33:02.885,0.15018991400845025
2022-01-03 21:32:53.779,0.15221892705262055
2022-01-03 22:32:04.753,0.15169039887803412
2022-01-03 23:31:57.162,0.15116550298114104
2022-01-04 00:33:42.093,0.15154534181643275
2022-01-04 01:32:58.675,0.15188514576981055
2022-01-04 02:31:51.300,0.14958257976147238
2022-01-04 03:32:13.111,0.15100020824281346
2022-01-04 04:31:32.124,0.1504899078022487
2022-01-04 05:33:07.512,0.15170454017195262
2022-01-04 06:32:26.745,0.15589445769234908
2022-01-04 07:32:23.711,0.15660243474173685
2022-01-04 08:32:05.044,0.15743094198029556
2022-01-04 09:50:34.493,0.15944030856717548
2022-01-04 10:33:14.960,0.15972538187351304
2022-01-04 11:32:12.406,0.15901614870044448
2022-01-04 12:33:15.771,0.15799800414710125
2022-01-04 13:32:44.874,0.15866720346133636
2022-01-04 14:31:47.122,0.1512620682620286
2022-01-04 15:34:41.801,0.1520645770717286
2022-01-04 16:32:22.440,0.15286611565986097
2022-01-04 17:32:14.175,0.15627252459700955
2022-01-04 18:32:05.546,0.15333127832932705
2022-01-04 19:29:30.430,0.14956361107666116
2022-01-04 20:29:45.130,0.14937618102953393
2022-01-04 21:29:00.609,0.14968674008534175
2022-01-04 22:28:32.185,0.14854353237807405
2022-01-04 23:27:42.053,0.14851909896336912
2022-01-05 00:29:22.250,0.1477518755281062
2022-01-05 01:34:28.162,0.15080484355388046
2022-01-05 02:34:07.946,0.1509745574931251
2022-01-05 03:33:36.506,0.14978871714607764
2022-01-05 04:33:04.832,0.14950761688366201
2022-01-05 05:35:40.108,0.14846761878382597
2022-01-05 06:33:20.210,0.14941052048802475
2022-01-05 07:32:45.350,0.15088426852799033
2022-01-05 08:33:28.367,0.1506533886568899
2022-01-05 09:33:45.334,0.15438913780921182
2022-01-05 10:33:31.291,0.15789055412873457
2022-01-05 11:31:38.001,0.1578250892572977
2022-01-05 12:33:28.188,0.15710692646492552
2022-01-05 13:33:41.550,0.15770212715088733
2022-01-05 14:33:25.369,0.15723826934958363
2022-01-05 15:36:33.508,0.15770401098498904
2022-01-05 16:31:52.880,0.15886461670920105
2022-01-05 17:32:50.456,0.15731802835750885
2022-01-05 18:33:10.646,0.15612230977114375
2022-01-05 19:32:26.140,0.15045612854322252
2022-01-05 20:34:19.411,0.14812314437889693
2022-01-05 21:33:22.096,0.14692286501837454
2022-01-05 22:32:37.472,0.14504762177357755
2022-01-05 23:33:42.492,0.1430621187774625
2022-01-06 00:34:10.131,0.14257010933413594
2022-01-06 01:33:59.283,0.1408860050702038
2022-01-06 02:33:06.484,0.1377654724795125
2022-01-06 03:35:20.176,0.13772679895124193
2022-01-06 04:33:35.476,0.13544892445168744
2022-01-06 05:33:39.362,0.13477630159682338
2022-01-06 06:34:02.100,0.1348333951666947
2022-01-06 07:32:49.390,0.1334110320461732
2022-01-06 08:32:48.061,0.13355997499741365
2022-01-06 09:34:29.676,0.13289706270450666
2022-01-06 10:34:09.256,0.13051094922501605
2022-01-06 11:35:16.543,0.13048756420279112
2022-01-06 12:33:39.502,0.13388213614242458
2022-01-06 13:33:43.103,0.13612366675469745
2022-01-06 14:32:38.845,0.13011062901961554
2022-01-06 15:34:42.675,0.13145198509150138
2022-01-06 16:33:27.359,0.1320454213818606
2022-01-06 17:33:37.228,0.13068983634539413
2022-01-06 18:32:42.160,0.13156040073168865
2022-01-06 19:33:25.793,0.131505642063586
2022-01-06 20:34:06.780,0.13085721311868728
2022-01-06 21:33:17.067,0.12845489754000988
2022-01-06 22:33:20.614,0.12873718366146594
2022-01-06 23:32:47.199,0.125755436788111
2022-01-07 00:33:38.570,0.12546990812519926
2022-01-07 01:34:07.785,0.12116475166887254
2022-01-07 02:35:29.023,0.1210027996085686
2022-01-07 03:32:36.287,0.1214722531809877
2022-01-07 04:35:02.367,0.11659054772686378
2022-01-07 05:38:36.318,0.12087468285671575
2022-01-07 06:31:42.554,0.12357241747031066
2022-01-07 07:33:49.980,0.12043550346070402
2022-01-07 08:31:53.632,0.11997858128374142
2022-01-07 09:39:00.486,0.1225436882511751
2022-01-07 10:34:40.119,0.11982597995714066
2022-01-07 11:32:01.511,0.11672496272362182
2022-01-07 12:33:36.794,0.12092816567729096
2022-01-07 13:33:33.493,0.11613613571197647
2022-01-07 14:33:56.653,0.11389933138652272
2022-01-07 15:33:36.126,0.11131984555664608
2022-01-07 16:33:31.937,0.10421165745081817
2022-01-07 17:33:11.915,0.10955706470869696
2022-01-07 18:33:01.295,0.11095919073444986
2022-01-07 19:32:01.684,0.11015675483851486
2022-01-07 20:33:48.687,0.11182718103490429
2022-01-07 21:32:50.306,0.1070610864656056
2022-01-07 22:33:16.462,0.10720064672176124
2022-01-07 23:32:10.592,0.10811133744355836
2022-01-08 00:33:53.576,0.10733209197408064
2022-01-08 01:33:31.712,0.1085090926232465
2022-01-08 02:33:00.230,0.10972506695024957
2022-01-08 03:33:24.919,0.11395233330613791
2022-01-08 04:33:12.400,0.11561816141931983
2022-01-08 05:33:29.288,0.1177941857000889
2022-01-08 06:33:17.589,0.1163422706769132
2022-01-08 07:33:32.513,0.11660373913151532
2022-01-08 08:33:13.848,0.11756310237152832
2022-01-08 09:34:09.834,0.115632723052738
2022-01-08 10:34:01.932,0.11110688827805447
2022-01-08 11:33:06.669,0.11162783809917326
2022-01-08 12:33:36.235,0.11063869749018095
2022-01-08 13:33:43.701,0.11141986184877409
2022-01-08 14:33:40.166,0.11329655488073018
2022-01-08 15:34:01.544,0.11495997502869286
2022-01-08 16:33:40.076,0.11060475319457105
2022-01-08 17:33:17.009,0.1107962621730096
2022-01-08 18:33:25.993,0.1110838229480184
2022-01-08 19:33:38.921,0.10934736603106102
2022-01-08 20:34:06.480,0.10859091033611014
2022-01-08 21:34:27.060,0.10688249083009037
2022-01-08 22:33:20.268,0.11732967832560608
2022-01-08 23:33:45.201,0.11821526772058599
2022-01-09 00:34:00.873,0.11851700713110941
2022-01-09 01:34:02.849,0.11679493837382392
2022-01-09 02:32:53.448,0.11587698221065812
2022-01-09 03:32:47.897,0.12027646428316824
2022-01-09 04:33:24.832,0.1250099172001342
2022-01-09 05:33:38.531,0.1280084235393054
2022-01-09 06:33:07.723,0.12492361390382312
2022-01-09 07:32:05.694,0.12412675555724215
2022-01-09 08:33:09.831,0.11610748822369468
2022-01-09 09:34:20.623,0.115708823065575
2022-01-09 10:33:55.804,0.11559737632274057
2022-01-09 11:32:48.222,0.1157058977925273
2022-01-09 12:33:31.754,0.11748734916049364
2022-01-09 13:32:48.062,0.12081232312945167
2022-01-09 14:32:29.686,0.120328084980181
2022-01-09 15:33:44.495,0.12089614049091052
2022-01-09 16:32:14.806,0.11656392996607202
2022-01-09 17:33:28.768,0.11815020281450578
2022-01-09 18:33:18.265,0.11895582560005304
2022-01-09 19:33:38.559,0.10515585647399947
2022-01-09 20:34:24.730,0.11763296134414146
2022-01-09 21:33:27.628,0.12023147070741011
2022-01-09 22:33:21.904,0.12207997337600994
2022-01-09 23:33:16.446,0.1242780100658439
2022-01-10 00:34:33.081,0.12575679845978713
2022-01-10 01:34:09.458,0.1254969666802487
2022-01-10 02:32:58.225,0.1251915133392389
2022-01-10 03:32:29.271,0.11947821048972686
2022-01-10 04:35:00.311,0.11366803467610623
2022-01-10 05:33:58.061,0.11429425962043686
2022-01-10 06:33:20.568,0.11381097268896238
2022-01-10 07:33:20.246,0.11291589815483455
2022-01-10 08:32:55.160,0.11152709787919013
2022-01-10 09:35:17.205,0.11280618338268188
2022-01-10 10:33:54.491,0.11551286420237886
2022-01-10 11:32:55.442,0.11839363681128036
2022-01-10 12:33:29.664,0.11888009730780708
2022-01-10 13:33:34.544,0.11525967280383266
2022-01-10 14:32:29.927,0.1079428253357565
2022-01-10 15:34:08.005,0.10671300791043176
2022-01-10 16:32:47.676,0.11026060252613748
2022-01-10 17:32:17.767,0.10735717542816774
2022-01-10 18:33:17.800,0.10579006601771274
2022-01-10 19:33:42.695,0.1059297930422453
2022-01-10 20:35:06.742,0.1102107974928705
2022-01-10 21:33:08.609,0.11404813484309362
2022-01-10 22:33:12.941,0.11167326363989746
2022-01-10 23:32:50.233,0.11079132352652563
2022-01-11 00:33:36.965,0.10984834131217563
2022-01-11 01:33:30.265,0.10939834378784051
2022-01-11 02:33:25.617,0.11339517636967379
2022-01-11 03:32:40.722,0.11337916465576246
2022-01-11 04:34:16.192,0.1132505841588983
2022-01-11 05:33:35.241,0.11335836493507541
2022-01-11 06:33:43.847,0.11068629066115963
2022-01-11 07:33:36.003,0.11069475855286934
2022-01-11 08:33:44.503,0.11454603225870894
2022-01-11 09:37:42.007,0.11340880109959108
2022-01-11 10:34:32.737,0.11854273960685842
2022-01-11 11:31:45.536,0.11774246163453758
2022-01-11 12:33:23.694,0.1200241152781086
2022-01-11 13:34:01.810,0.11947988601670517
2022-01-11 14:33:34.230,0.11887080582815968
2022-01-11 15:33:53.769,0.11697269458997762
2022-01-11 16:33:15.230,0.1254028900625257
2022-01-11 17:33:25.959,0.1255008377711266
2022-01-11 18:33:48.514,0.12465792070533808
2022-01-11 19:33:41.265,0.12195930102768492
2022-01-11 20:35:00.194,0.11477981651240864
2022-01-11 21:33:43.395,0.11785731944072567
2022-01-11 22:33:23.080,0.11843139560092697
2022-01-11 23:33:39.894,0.1247457266801518
2022-01-12 00:35:12.719,0.129724186778423
2022-01-12 01:32:15.524,0.12979984224276953
2022-01-12 02:32:56.062,0.13199969864460945
2022-01-12 03:32:28.290,0.1342246398547113
2022-01-12 04:31:21.323,0.13232559088768417
2022-01-12 05:33:05.114,0.13263791180564063
2022-01-12 06:31:40.392,0.1345593269937033
2022-01-12 07:31:44.358,0.13372021787066185
2022-01-12 08:33:53.441,0.13518197838137438
2022-01-12 09:39:31.941,0.13502782134303054
2022-01-12 10:33:23.523,0.1341461579598092
2022-01-12 11:31:27.785,0.13476696838303026
2022-01-12 12:32:43.531,0.13830462480249348
2022-01-12 13:32:54.435,0.1391138474616068
2022-01-12 14:31:20.833,0.13512784949575268
2022-01-12 15:33:03.671,0.132966130467642
2022-01-12 16:33:01.024,0.1280403254252909
2022-01-12 17:32:35.021,0.12826496672753823
2022-01-12 18:32:32.284,0.12775843160790576
2022-01-12 19:32:11.915,0.12985987332932
2022-01-12 20:33:45.072,0.13196469789065604
2022-01-12 21:31:58.248,0.13131106422409758
2022-01-12 22:32:40.341,0.13171982328945603
2022-01-12 23:31:36.012,0.13165853226378307
2022-01-13 00:33:26.482,0.13226939634798004
2022-01-13 01:33:38.158,0.13153745724864166
2022-01-13 02:33:31.868,0.1324324439119044
2022-01-13 03:32:45.519,0.13072501558663746
2022-01-13 04:32:13.409,0.13459837115222656
2022-01-13 05:33:35.725,0.13570284850982905
2022-01-13 06:32:58.367,0.13418323299955498
2022-01-13 07:34:30.471,0.1345588380469041
2022-01-13 08:34:19.809,0.13405158020053345
2022-01-13 09:33:20.001,0.13356804343354015
2022-01-13 10:35:41.280,0.13855497173498346
2022-01-13 11:33:52.152,0.14448933149147508
2022-01-13 12:33:52.217,0.13266777835843915
2022-01-13 13:34:31.065,0.13412159949838287
2022-01-13 14:34:04.732,0.13318127704932467
2022-01-13 15:34:01.544,0.13048448669388787
2022-01-13 16:33:37.302,0.12910308897781747
2022-01-13 17:33:45.494,0.11767523118947906
2022-01-13 18:33:58.447,0.11537449738497486
2022-01-13 19:34:20.699,0.11664066276989803
2022-01-13 20:34:05.826,0.11553522831631029
2022-01-13 21:34:16.113,0.10877978226149236
2022-01-13 22:34:22.128,0.1051914882965653
2022-01-13 23:33:20.038,0.10143083597514124
2022-01-14 00:34:36.406,0.09897711610668469
2022-01-14 01:35:04.326,0.09908433530709135
2022-01-14 02:34:01.925,0.09844979065109918
2022-01-14 03:32:50.513,0.09928200674095962
2022-01-14 04:33:02.042,0.10173616514649912
2022-01-14 05:33:47.236,0.10131651798832712
2022-01-14 06:33:17.568,0.10163484853430767
2022-01-14 07:34:08.536,0.10085914425764315
2022-01-14 08:32:58.015,0.10029185006170052
2022-01-14 09:34:23.153,0.09515708239432176
2022-01-14 10:34:24.356,0.09181697786589149
2022-01-14 11:34:32.458,0.08430851149847748
2022-01-14 12:34:04.582,0.08277844831951373
2022-01-14 13:34:08.376,0.08196006595492948
2022-01-14 14:34:22.911,0.0817187690558954
2022-01-14 15:35:02.350,0.08086000566999427
2022-01-14 16:35:03.329,0.08080902959577901
2022-01-14 17:34:10.373,0.0804049161093395
2022-01-14 18:33:52.227,0.07871184733150802
2022-01-14 19:33:56.630,0.07740761744663704
2022-01-14 20:33:59.237,0.07611961103307134
2022-01-14 21:34:12.266,0.07473918326577261
2022-01-14 22:33:36.365,0.07338953736817036
2022-01-14 23:33:57.912,0.07150762188533191
2022-01-15 00:34:33.934,0.06991200918042789
2022-01-15 01:34:15.948,0.06897360819877682
2022-01-15 02:33:59.085,0.06846079382119677
2022-01-15 03:34:04.949,0.06810831224286516
2022-01-15 04:34:26.843,0.06774154458113849
2022-01-15 05:34:46.597,0.06772602011714272
2022-01-15 06:40:51.604,0.06782821205740788
2022-01-15 07:36:10.806,0.0679874421952742
2022-01-15 08:37:29.412,0.06802448016532009
2022-01-15 09:41:06.074,0.06768485068167629
2022-01-15 10:38:03.524,0.06778539738430515
2022-01-15 11:40:00.644,0.06719500370552407
2022-01-15 12:39:12.703,0.06682866122294061
2022-01-15 13:37:47.274,0.06706937004302094
2022-01-15 14:39:45.066,0.06746436950026256
2022-01-15 15:38:10.282,0.06768632300404774
2022-01-15 16:37:21.957,0.06813434339022253
2022-01-15 17:38:29.186,0.06943083927753704
2022-01-15 18:38:11.272,0.07072907113964148
2022-01-15 19:38:28.731,0.07182216761077144
2022-01-15 20:38:36.507,0.07351224546599862
2022-01-15 21:38:16.836,0.07484051781186013
2022-01-15 22:38:07.363,0.07695430544626351
2022-01-15 23:39:15.565,0.07848635007296537
2022-01-16 00:38:51.988,0.07858702183043395
2022-01-16 01:39:23.967,0.080040595664483
2022-01-16 02:19:07.368,0.08094047876298874
2022-01-16 03:22:23.957,0.08121021439570071
2022-01-16 04:27:16.306,0.08231931539564635
2022-01-16 05:27:23.013,0.0828472618029058
2022-01-16 06:27:00.510,0.08339394868876333
2022-01-16 07:27:57.512,0.08453238822517083
2022-01-16 08:27:36.213,0.08524217699441562
2022-01-16 09:27:18.548,0.08552379907181576
2022-01-16 10:26:48.350,0.0861076776721384
2022-01-16 11:26:57.452,0.08598075119085329
2022-01-16 12:27:02.917,0.08619730152567005
2022-01-16 13:19:22.370,0.08657361092783422
2022-01-16 14:18:47.389,0.08741451213208742
2022-01-16 15:19:06.414,0.08833448964403359
2022-01-16 16:18:35.586,0.08826138268070788
2022-01-16 17:18:44.540,0.08771621591576464
2022-01-16 18:19:21.113,0.08711079685416859
2022-01-16 19:19:06.600,0.08682451497609879
2022-01-16 20:18:50.317,0.08620696644440856
2022-01-16 21:19:02.719,0.08630051781029105
2022-01-16 22:19:07.183,0.08630503860615132
2022-01-16 23:18:04.616,0.08638829147834334
2022-01-17 00:02:49.739,0.08602959412046579
2022-01-17 01:12:33.016,0.08578200041549444
2022-01-17 02:12:11.932,0.08560111769130176
2022-01-17 03:11:57.298,0.08527912364371504
2022-01-17 04:11:50.666,0.08537262013571413
2022-01-17 05:10:40.797,0.08621569233625932
2022-01-17 06:12:21.952,0.08714807617671753
2022-01-17 07:11:25.272,0.0876986434819669
2022-01-17 08:12:24.536,0.08794549163238517
2022-01-17 09:26:07.042,0.08830117506297834
2022-01-17 10:12:32.473,0.0881117145499051
2022-01-17 11:12:21.130,0.08759448410275739
2022-01-17 12:12:52.432,0.08716959422286535
2022-01-17 13:13:04.227,0.08635985215860875
2022-01-17 14:12:21.931,0.08601305189796839
2022-01-17 15:12:18.582,0.08572847431650651
2022-01-17 16:13:02.468,0.08542764049490928
2022-01-17 17:12:11.577,0.08521485689998567
2022-01-17 18:12:44.559,0.08433903293917613
2022-01-17 19:12:34.295,0.0839991189243746
2022-01-17 20:12:49.005,0.08406010103169378
2022-01-17 21:12:52.092,0.08373157662181055
2022-01-17 22:12:38.981,0.08341293915075461
2022-01-17 23:12:52.055,0.08392120333181223
2022-01-18 00:12:37.479,0.08388434728314642
2022-01-18 01:13:19.726,0.08406160781562041
2022-01-18 02:12:23.147,0.08368663472201048
2022-01-18 03:12:59.700,0.08358677666044992
2022-01-18 04:12:23.177,0.08312918265666337
2022-01-18 05:12:53.315,0.08366987487764757
2022-01-18 06:12:38.716,0.08394304352601276
2022-01-18 07:12:28.169,0.0842154661002474
2022-01-18 08:12:17.714,0.08320194611674944
2022-01-18 09:24:55.210,0.08305185323001962
2022-01-18 10:13:17.161,0.08397970827403285
2022-01-18 11:12:44.432,0.08397567072097115
2022-01-18 12:12:13.730,0.08389754951809021
2022-01-18 13:08:22.435,0.08374525331345047
2022-01-18 14:12:11.429,0.08344455398183599
2022-01-18 15:12:20.813,0.08337435967980043
2022-01-18 16:12:48.526,0.0833731821047258
2022-01-18 17:12:56.537,0.08364364475266087
2022-01-18 18:13:15.865,0.08347486568851095
2022-01-18 19:09:41.745,0.08399982706581338
2022-01-18 20:12:36.003,0.08423329591225641
2022-01-18 21:13:08.014,0.08404980558621176
2022-01-18 22:12:27.370,0.0827001902702288
2022-01-18 23:12:35.236,0.08304511095870394
2022-01-19 00:12:46.537,0.08299289913858497
2022-01-19 01:12:58.639,0.08297675765421307
2022-01-19 02:12:52.647,0.08337156277209391
2022-01-19 03:12:01.135,0.08296320718285317
2022-01-19 04:12:46.406,0.08172644375051553
2022-01-19 05:12:09.326,0.08209934090994958
2022-01-19 06:12:39.455,0.08205913327331074
2022-01-19 07:12:29.753,0.08202185158271101
2022-01-19 08:12:49.173,0.08198974046445058
2022-01-19 09:22:02.875,0.08255793692842274
2022-01-19 10:12:50.343,0.08312268791553333
2022-01-19 11:12:13.144,0.08328089422095383
2022-01-19 12:11:55.950,0.08267996670183332
2022-01-19 13:12:14.941,0.08322982605084474
2022-01-19 14:12:10.229,0.08327433837195736
2022-01-19 15:13:01.566,0.08364730841400023
2022-01-19 16:13:00.293,0.08333509865952408
2022-01-19 17:12:37.056,0.0830355670656304
2022-01-19 18:12:30.631,0.08325800224532444
2022-01-19 19:12:22.025,0.08320502347331057
2022-01-19 20:13:02.093,0.08341078468106082
2022-01-19 21:12:33.005,0.08292307997480682
2022-01-19 22:12:42.817,0.08297834705328781
2022-01-19 23:12:34.856,0.08284920332368927
2022-01-20 00:12:41.170,0.08233886841055543
2022-01-20 01:13:00.054,0.08188483446740616
2022-01-20 02:12:28.609,0.08172863445387404
2022-01-20 03:12:25.905,0.08148252991696193
2022-01-20 04:12:38.264,0.08036568615039316
2022-01-20 05:12:09.267,0.07827459933610703
2022-01-20 06:13:10.154,0.07730422620309292
2022-01-20 07:12:32.625,0.0764919093691901
2022-01-20 08:12:59.215,0.07587400729908615
2022-01-20 09:29:38.539,0.07456947816896135
2022-01-20 10:12:54.485,0.07424804668566935
2022-01-20 11:12:41.020,0.0737402895379171
2022-01-20 12:12:26.813,0.07347942585178818
2022-01-20 13:12:47.030,0.0730801781781686
2022-01-20 14:12:37.453,0.07290754063653848
2022-01-20 15:12:48.594,0.07306543382668704
2022-01-20 16:12:28.232,0.07206697986259361
2022-01-20 17:12:20.493,0.07085397787498286
2022-01-20 18:12:33.993,0.06974544019906513
2022-01-20 19:12:35.733,0.06847770896830914
2022-01-20 20:12:45.497,0.06724768577288322
2022-01-20 21:11:48.319,0.06594945237799736
2022-01-20 22:12:36.995,0.0636140832423818
2022-01-20 23:01:48.446,0.06228813025705072
2022-01-21 00:02:06.980,0.061364184259779304
2022-01-21 01:01:49.439,0.06042353981862322
2022-01-21 02:01:56.545,0.05867506764559596
2022-01-21 03:02:09.996,0.058600813204040404
2022-01-21 04:01:44.256,0.05730859663808474
2022-01-21 05:01:55.394,0.05751931915812046
2022-01-21 06:01:51.464,0.05782683718657864
2022-01-21 07:02:05.182,0.058113422011116106
2022-01-21 08:02:12.405,0.058001548198214285
2022-01-21 09:06:23.743,0.05834249008120795
2022-01-21 10:02:15.615,0.058358866088609324
2022-01-21 11:04:41.667,0.05817931362996938
2022-01-21 12:04:22.551,0.05775214124521203
2022-01-21 13:04:24.731,0.0570012827617789
2022-01-21 14:04:59.385,0.058225973783158975
2022-01-21 15:04:47.990,0.05780263472168439
2022-01-21 16:04:40.327,0.058397534218684266
2022-01-21 17:04:29.791,0.05717702227123376
2022-01-21 18:04:25.096,0.055888056988021115
2022-01-21 19:04:21.568,0.05514500366769191
2022-01-21 20:04:24.254,0.05373781182972593
2022-01-21 21:04:51.197,0.05310836368975335
2022-01-21 22:04:22.493,0.051093640442910294
2022-01-21 23:04:26.590,0.05094954617869565
2022-01-22 00:04:09.599,0.05069728336832727
2022-01-22 01:04:37.668,0.050834849723779524
2022-01-22 02:04:28.501,0.05070716004324178
2022-01-22 03:04:38.000,0.050715774371045665
2022-01-22 04:04:34.155,0.050437960322071054
2022-01-22 05:04:38.763,0.05033677461219008
2022-01-22 06:04:35.657,0.04989669736826118
2022-01-22 07:04:22.130,0.049433262451491225
2022-01-22 08:04:54.476,0.049227998184244365
2022-01-22 09:14:07.986,0.049384057829957445
2022-01-22 10:04:19.329,0.04826538505508747
2022-01-22 11:04:18.692,0.049399415694251485
2022-01-22 12:04:48.320,0.049436188074567594
2022-01-22 13:04:24.599,0.049167746290222566
2022-01-22 14:04:07.648,0.04879097270240887
2022-01-22 15:04:21.665,0.04804039235730021
2022-01-22 16:04:21.362,0.04779713771527104
2022-01-22 17:04:29.686,0.048055413899952736
2022-01-22 18:04:19.979,0.04718017664560305
2022-01-22 19:04:11.233,0.04676545269305883
2022-01-22 20:04:11.913,0.047004021315832555
2022-01-22 21:04:28.959,0.047700038029297204
2022-01-22 22:04:47.724,0.04825771956973097
2022-01-22 23:04:40.406,0.0479045163077942
2022-01-23 00:04:26.014,0.048159431446214665
2022-01-23 01:04:24.024,0.04811808740521915
2022-01-23 02:04:35.417,0.04828745248183705
2022-01-23 03:04:19.327,0.04814885381976429
2022-01-23 04:04:48.570,0.04822464568441542
2022-01-23 05:04:27.895,0.04822708892391932
2022-01-23 06:04:29.093,0.04889405785250948
2022-01-23 07:04:29.354,0.04887684996675165
2022-01-23 08:06:06.248,0.04897767098125428
2022-01-23 09:04:37.793,0.049426634360575816
2022-01-23 10:04:52.031,0.04964009892662659
2022-01-23 11:04:31.298,0.04934570906350927
2022-01-23 12:04:42.151,0.04909276387150932
2022-01-23 13:04:33.211,0.0491372453872834
2022-01-23 14:04:53.032,0.0491861217638213
2022-01-23 15:04:40.264,0.04891559386824865
2022-01-23 16:04:14.525,0.0495520451661437
2022-01-23 17:04:40.580,0.0501362563792327
2022-01-23 18:04:31.969,0.05051467149009936
2022-01-23 19:04:42.155,0.05037642693317405
2022-01-23 20:04:42.964,0.05050523638591491
2022-01-23 21:04:49.924,0.05122169625867196
2022-01-23 22:04:41.049,0.05182496375486816
2022-01-23 23:04:22.738,0.05230957285904762
2022-01-24 00:04:41.238,0.05276847432117981
2022-01-24 01:04:30.391,0.05287295413367191
2022-01-24 02:05:13.987,0.05321045223882418
2022-01-24 03:05:00.570,0.05330206776881345
2022-01-24 04:04:28.773,0.053343086787700965
2022-01-24 05:03:57.842,0.053005540382967335
2022-01-24 06:04:46.535,0.05286040981159708
2022-01-24 07:04:51.156,0.053152113385824706
2022-01-24 08:04:58.343,0.05318752693468097
2022-01-24 09:04:42.836,0.05326436349218453
2022-01-24 10:01:42.560,0.052471169276257744
2022-01-24 11:00:28.285,0.05164263945191152
2022-01-24 12:02:59.589,0.050925456528191256
2022-01-24 13:03:08.766,0.05086338831961156
2022-01-24 14:03:31.700,0.05091847327307784
2022-01-24 15:03:15.264,0.05065320004998945
2022-01-24 16:03:40.126,0.05027003386142394
2022-01-24 17:03:11.592,0.04923538388949537
2022-01-24 18:03:30.085,0.04893841648079528
2022-01-24 19:02:10.619,0.04703704358732697
2022-01-24 20:02:26.310,0.046809276166032004
2022-01-24 21:02:29.620,0.04657262505584688
2022-01-24 22:02:13.612,0.04638786649192294
2022-01-24 23:02:21.096,0.04604050598504068
2022-01-25 00:02:25.567,0.04611577290310576
2022-01-25 01:01:59.240,0.04637707055642818
2022-01-25 02:01:52.034,0.0466439363810925
2022-01-25 03:02:10.953,0.04722058392690871
2022-01-25 04:02:36.907,0.047750281871302945
2022-01-25 05:02:34.077,0.04758369298151739
2022-01-25 06:02:25.494,0.048134243699785535
2022-01-25 07:02:19.990,0.04819800698743276
2022-01-25 08:02:10.681,0.0488068579939629
2022-01-25 09:01:33.843,0.04913643381956337
2022-01-25 10:01:30.317,0.04988816497426005
2022-01-25 11:01:27.507,0.0504970142081698
2022-01-25 12:00:05.352,0.050475913058083924
2022-01-25 13:00:02.428,0.05070966186163723
2022-01-25 14:00:02.270,0.05087380727591736
2022-01-25 15:00:02.395,0.050251963429507315
2022-01-25 16:00:03.314,0.0509921045917626
2022-01-25 17:00:02.668,0.05063431460735634
2022-01-25 18:00:04.536,0.05031715199560956
2022-01-25 19:00:01.581,0.05062916521207103
2022-01-25 20:00:04.895,0.05113677106338939
2022-01-25 21:00:05.090,0.051686821436909926
2022-01-25 22:00:01.748,0.051498775211729776
2022-01-25 23:00:01.912,0.05179617103534942
2022-01-26 00:00:03.003,0.05181566009510069
2022-01-26 01:00:05.075,0.051460471236171416
2022-01-26 02:00:01.583,0.051099485547750935
2022-01-26 03:00:02.053,0.05086512786946669
2022-01-26 04:00:03.094,0.051412611492793206
2022-01-26 05:00:01.570,0.051813095810588954
2022-01-26 06:00:03.456,0.051289267866067655
2022-01-26 07:00:01.804,0.051151218677711975
2022-01-26 08:00:55.985,0.05147929828578668
2022-01-26 09:00:49.938,0.05151022400430058
2022-01-26 10:02:53.325,0.05149324039840428
2022-01-26 11:02:03.912,0.05193447269517373
2022-01-26 12:02:17.756,0.052224850383080966
2022-01-26 13:02:14.644,0.05223852902833175
2022-01-26 14:01:49.604,0.05245959433235682
2022-01-26 15:02:05.978,0.05670755548770307
2022-01-26 16:02:49.106,0.060668436985452365
2022-01-26 17:04:03.633,0.06278182570962598
2022-01-26 18:04:03.123,0.0637125545534926
2022-01-26 19:03:53.014,0.06437816454950693
2022-01-26 20:03:41.822,0.06276361573488837
2022-01-26 21:03:41.858,0.0631025886195529
2022-01-26 22:03:46.086,0.06445231966828739
2022-01-26 23:03:53.938,0.06329435592681867
2022-01-27 00:21:02.741,0.06333706326943402
2022-01-27 02:21:33.271,0.06406824281250181
2022-01-27 03:20:40.284,0.06616450872517009
2022-01-27 04:20:55.961,0.06728102116330596
2022-01-27 05:21:43.262,0.06857805973626217
2022-01-27 06:21:08.719,0.0711089803288349
2022-01-27 07:20:50.898,0.07406450084686883
2022-01-27 08:20:22.784,0.07579774030054433
2022-01-27 09:21:17.399,0.08263596736637409
2022-01-27 10:19:46.571,0.08487318807061998
2022-01-27 11:19:12.459,0.08478354961550368
2022-01-27 12:18:31.828,0.08705640964646283
2022-01-27 13:18:11.695,0.09870686807003763
2022-01-27 14:18:08.043,0.10350248390321572
2022-01-27 15:18:39.465,0.09904451263010396
2022-01-27 16:18:19.590,0.09561316919428095
2022-01-27 17:18:33.131,0.09636207881412552
2022-01-27 18:18:23.066,0.0906066986932547
2022-01-27 19:17:56.451,0.09139557094165096
2022-01-27 20:18:32.950,0.09092895213370991
2022-01-27 21:18:16.499,0.0900163993865832
2022-01-27 22:17:38.510,0.09010560198837868
2022-01-27 23:17:46.329,0.08748080943635689
2022-01-28 00:18:16.035,0.09067492278865569
2022-01-28 01:18:20.474,0.09397262328629442
2022-01-28 02:18:38.001,0.09273012600757742
2022-01-28 03:18:12.403,0.0957041789951608
2022-01-28 04:17:31.142,0.09502116384807732
2022-01-28 05:19:29.819,0.0959339269452464
2022-01-28 06:17:17.810,0.09550435871406106
2022-01-28 07:18:22.207,0.09150335295671518
2022-01-28 08:18:15.930,0.092161000222808
2022-01-28 09:21:57.506,0.09154147930697647
2022-01-28 10:18:10.915,0.08698930778914708
2022-01-28 11:18:11.189,0.08915971787406134
2022-01-28 12:19:00.867,0.08938192530853072
2022-01-28 13:18:20.902,0.09015629225460495
2022-01-28 14:18:01.934,0.0906344714065527
2022-01-28 15:18:42.817,0.0902343873720568
2022-01-28 16:18:36.123,0.09021081993637393
2022-01-28 17:18:00.738,0.09067360367871613
2022-01-28 18:18:15.357,0.09034412604497706
2022-01-28 19:18:28.188,0.08997594587160687
2022-01-28 20:18:32.985,0.08852164076514188
2022-01-28 21:17:52.758,0.08706857770761149
2022-01-28 22:18:13.524,0.08577463158653889
2022-01-28 23:18:07.486,0.08615634529460661
2022-01-29 00:18:29.131,0.08203529467807495
2022-01-29 01:18:38.650,0.08025259587898181
2022-01-29 02:18:23.951,0.0801943431519116
2022-01-29 03:18:09.833,0.0791648159959501
2022-01-29 04:18:19.118,0.07895044544779733
2022-01-29 05:18:39.510,0.07889222633245743
2022-01-29 06:17:57.510,0.08197740984935435
2022-01-29 07:17:58.062,0.08122747867750559
2022-01-29 08:17:36.273,0.08423313348030541
2022-01-29 09:22:59.432,0.08281880205342099
2022-01-29 10:18:13.520,0.0862499006580086
2022-01-29 11:16:48.076,0.08602228548189539
2022-01-29 12:18:05.961,0.08708942264194633
2022-01-29 13:18:28.666,0.08565084053297127
2022-01-29 14:18:04.332,0.08465501078169974
2022-01-29 15:20:19.358,0.08360725271027312
2022-01-29 16:17:33.707,0.08575234907201598
2022-01-29 17:17:54.673,0.08531013424255464
2022-01-29 18:17:16.650,0.08483838978848629
2022-01-29 19:17:05.871,0.08530228834477983
2022-01-29 20:17:46.856,0.08417407689734398
2022-01-29 21:17:07.196,0.08389123316777575
2022-01-29 22:17:11.103,0.08380972959141261
2022-01-29 23:17:07.828,0.08414667264043665
2022-01-30 00:17:33.086,0.0845892561576452
2022-01-30 01:17:34.516,0.08366706572289864
2022-01-30 02:17:06.808,0.08338949350205764
2022-01-30 03:19:15.609,0.08409125300661371
2022-01-30 04:16:41.120,0.08370319169262001
2022-01-30 05:16:59.042,0.08368902926995696
2022-01-30 06:16:37.953,0.08330138977298912
2022-01-30 07:18:52.796,0.08400617960016007
2022-01-30 08:16:46.573,0.08359863937312231
2022-01-30 09:19:39.863,0.08334803783812787
2022-01-30 10:16:43.187,0.08312712014308957
2022-01-30 11:16:59.248,0.08366648996289683
2022-01-30 12:16:53.644,0.08321835990958654
2022-01-30 13:17:15.894,0.08238547373249942
2022-01-30 14:17:12.327,0.08217283330139427
2022-01-30 15:17:23.677,0.08177370766222639
2022-01-30 16:17:49.093,0.0820339183474582
2022-01-30 17:17:20.468,0.0812956312307813
2022-01-30 18:17:33.711,0.08191163148885064
2022-01-30 19:17:09.757,0.08117694685669914
2022-01-30 20:17:17.352,0.08026732251066389
2022-01-30 21:16:54.778,0.0808758571838845
2022-01-30 22:17:22.826,0.08012114681252076
2022-01-30 23:16:53.270,0.08014946653319695
2022-01-31 00:17:18.920,0.08061499381197064
2022-01-31 01:17:45.174,0.07874363590328363
2022-01-31 02:17:33.811,0.07780290138356093
2022-01-31 03:17:04.637,0.07826800007392572
2022-01-31 04:16:56.336,0.07789229154971479
2022-01-31 05:17:26.374,0.07738548846006557
2022-01-31 06:17:03.754,0.07772192945783434
2022-01-31 07:17:00.903,0.07795601709643564
2022-01-31 08:16:59.249,0.07918557567873301
2022-01-31 09:17:17.383,0.08025148339072041
2022-01-31 10:17:40.064,0.08134913678004782
2022-01-31 11:17:03.784,0.08228809198042474
2022-01-31 12:17:18.723,0.08313841359099913
2022-01-31 13:17:46.091,0.08296659190589724
2022-01-31 14:17:03.430,0.0840114385913195
2022-01-31 15:17:53.568,0.08459897563624778
2022-01-31 16:17:17.311,0.08803925783304442
2022-01-31 17:17:12.038,0.09039416252150266
2022-01-31 18:17:22.134,0.08775157836015227
2022-01-31 19:17:15.674,0.08502750979327701
2022-01-31 20:17:41.475,0.08340770334209643
2022-01-31 21:17:01.509,0.08415689059500932
2022-01-31 22:17:02.134,0.08453665274315021
2022-01-31 23:17:03.352,0.08471743209514508
2022-02-01 00:17:35.060,0.08558211708774388
2022-02-01 01:17:29.553,0.08574722610382975
2022-02-01 02:17:07.596,0.08555997408917655
2022-02-01 03:17:14.860,0.08625070388894254
2022-02-01 04:17:10.500,0.08708809332407491
2022-02-01 05:17:30.932,0.08684126867407109
2022-02-01 06:17:25.499,0.08572859319105644
2022-02-01 07:17:35.259,0.08647624843432335
2022-02-01 08:20:04.788,0.0869457541636271
2022-02-01 09:28:45.401,0.0881446069675716
2022-02-01 10:16:28.710,0.08896354512810954
2022-02-01 11:15:51.603,0.09005883430522219
2022-02-01 12:16:43.121,0.09053861330966596
2022-02-01 13:16:14.706,0.0906936013500773
2022-02-01 14:16:01.774,0.09191635491728802
2022-02-01 15:16:40.226,0.09159195085429887
2022-02-01 16:16:38.536,0.0924529293941706
2022-02-01 17:16:53.182,0.0927429890949008
2022-02-01 18:16:41.780,0.09360879204436334
2022-02-01 19:15:37.113,0.0943619983369779
2022-02-01 20:17:03.246,0.09528925670357001
2022-02-01 21:16:24.744,0.0960685554193865
2022-02-01 22:17:02.232,0.09647946322646787
2022-02-01 23:16:20.837,0.09642751538367794
2022-02-02 00:17:00.004,0.09646906356782652
2022-02-02 01:17:11.556,0.09650554073489193
2022-02-02 02:16:19.017,0.09571826843921336
2022-02-02 03:16:27.874,0.09581162089573574
2022-02-02 04:16:11.003,0.09498166878152735
2022-02-02 05:16:42.713,0.09476942871825567
2022-02-02 06:15:55.348,0.09456630776858178
2022-02-02 07:16:17.252,0.09417792211110161
2022-02-02 08:15:58.966,0.09438675974430584
2022-02-02 09:27:38.699,0.0950658760525098
2022-02-02 10:16:57.305,0.09555326525045202
2022-02-02 11:16:16.101,0.09605487061103841
2022-02-02 12:16:37.045,0.09651894058378352
2022-02-02 13:16:37.531,0.09685009327173545
2022-02-02 14:16:49.940,0.09632231123045387
2022-02-02 15:16:42.470,0.09676429632183353
2022-02-02 16:16:55.554,0.09652802721651732
2022-02-02 17:16:16.580,0.09731219712949207
2022-02-02 18:16:34.002,0.09715481949026232
2022-02-02 19:16:34.137,0.0978425102017206
2022-02-02 20:17:15.017,0.09737514057529661
2022-02-02 21:16:52.983,0.09755180018129671
2022-02-02 22:17:11.229,0.09880712610637933
2022-02-02 23:16:14.930,0.09944910316556489
2022-02-03 00:16:49.354,0.1001347128081698
2022-02-03 01:16:50.126,0.10041656129141333
2022-02-03 02:16:55.065,0.10115053393610639
2022-02-03 03:16:33.908,0.10236542419117971
2022-02-03 04:18:50.759,0.10350641368023472
2022-02-03 05:16:43.516,0.1042923344019588
2022-02-03 06:16:48.019,0.1052389196817924
2022-02-03 07:16:09.912,0.10664096775651595
2022-02-03 08:16:25.590,0.10955591931261913
2022-02-03 09:31:17.713,0.11268795457887065
2022-02-03 10:16:44.386,0.11440225250657783
2022-02-03 11:16:21.264,0.11781099440013512
2022-02-03 12:17:01.293,0.12006658172174021
2022-02-03 13:16:34.505,0.12130310616756328
2022-02-03 14:16:28.803,0.12079173005788618
2022-02-03 15:16:28.786,0.11848412983777679
2022-02-03 16:16:59.626,0.1173784220288633
2022-02-03 17:16:46.052,0.11622574446143366
2022-02-03 18:16:43.845,0.11444330386206605
2022-02-03 19:16:38.440,0.11368121398766841
2022-02-03 20:16:35.227,0.11248277782539721
2022-02-03 21:16:43.380,0.11323113787531047
2022-02-03 22:16:31.601,0.11450253710019612
2022-02-03 23:16:22.129,0.11540008689763215
2022-02-04 00:17:05.851,0.11599802759143855
2022-02-04 01:18:13.473,0.11571518982639907
2022-02-04 02:16:46.524,0.11592984541085123
2022-02-04 03:16:30.734,0.11661776206641102
2022-02-04 04:15:57.444,0.11691093776529163
2022-02-04 05:16:43.689,0.11745607056195849
2022-02-04 06:16:57.523,0.11796194283144204
2022-02-04 07:16:50.170,0.11854261640262609
2022-02-04 08:16:17.691,0.1191674325275916
2022-02-04 09:21:40.926,0.11979239081535911
2022-02-04 10:16:44.883,0.12065448051132475
2022-02-04 11:17:10.886,0.12061587177064989
2022-02-04 12:17:07.218,0.12096250781228514
2022-02-04 13:16:38.842,0.12194895764588001
2022-02-04 14:16:49.324,0.1209463432236144
2022-02-04 15:17:05.273,0.12197858786510685
2022-02-04 16:16:44.155,0.12742591319026553
2022-02-04 17:16:46.824,0.12826631350517897
2022-02-04 18:16:59.769,0.12747605065427836
2022-02-04 19:16:44.912,0.1272405002603938
2022-02-04 20:16:51.525,0.12833356633042067
2022-02-04 21:16:31.327,0.12767015438745655
2022-02-04 22:16:36.609,0.1276240596746907
2022-02-04 23:16:20.150,0.12845094302642623
2022-02-05 00:17:22.186,0.12851344735488404
2022-02-05 01:17:24.137,0.12840341322321358
2022-02-05 02:17:22.570,0.12806851193605123
2022-02-05 03:16:39.003,0.12828612589829133
2022-02-05 04:16:56.544,0.12868735477677481
2022-02-05 05:16:58.567,0.12791927495603095
2022-02-05 06:17:02.230,0.12818287102703516
2022-02-05 07:16:39.618,0.12784008131779334
2022-02-05 08:16:33.618,0.12801848181493986
2022-02-05 09:38:30.218,0.12852018566073015
2022-02-05 10:17:24.550,0.1294614414664414
2022-02-05 11:17:01.982,0.12983375009689876
2022-02-05 12:17:12.599,0.12958419567912074
2022-02-05 13:16:56.196,0.1292963679091161
2022-02-05 14:16:35.219,0.12925630090508486
2022-02-05 15:17:11.794,0.129804328453377
2022-02-05 16:17:17.106,0.12870312190609645
2022-02-05 17:17:10.828,0.12902784214390428
2022-02-05 18:17:29.648,0.12917807484137755
2022-02-05 19:16:54.494,0.1293487957401809
2022-02-05 20:17:23.038,0.12905867793122616
2022-02-05 21:16:35.492,0.12945636561307117
2022-02-05 22:16:41.313,0.12983662286277256
2022-02-05 23:16:50.765,0.13013720313248486
2022-02-06 00:17:21.834,0.13080256725870612
2022-02-06 01:17:08.451,0.13161026544539023
2022-02-06 02:16:54.598,0.1317071278522116
2022-02-06 03:16:22.841,0.1317459324113625
2022-02-06 04:17:02.425,0.13162025951055129
2022-02-06 05:18:01.898,0.1324149731706699
2022-02-06 06:17:19.546,0.1329988421141492
2022-02-06 07:17:27.685,0.13323250475931123
2022-02-06 08:17:10.094,0.1333868686972979
2022-02-06 09:25:27.493,0.13353671493571367
2022-02-06 10:17:38.632,0.13379769845016756
2022-02-06 11:17:12.068,0.1342681196748305
2022-02-06 12:17:09.781,0.134227423452672
2022-02-06 13:16:50.084,0.13473567262406244
2022-02-06 14:16:55.948,0.13537254556292969
2022-02-06 15:17:16.177,0.1360370217209472
2022-02-06 16:17:04.462,0.13600545657158392
2022-02-06 17:16:48.191,0.136349754307035
2022-02-06 18:17:17.616,0.13669579128148807
2022-02-06 19:16:56.663,0.13623369706595229
2022-02-06 20:17:41.116,0.13538461490601253
2022-02-06 21:17:04.928,0.13419469663463005
2022-02-06 22:16:30.459,0.13356948485274123
2022-02-06 23:16:49.786,0.13228414370612052
2022-02-07 00:17:29.534,0.12984365699911357
2022-02-07 01:17:09.153,0.1278665620191424
2022-02-07 02:16:43.774,0.127876196822996
2022-02-07 03:16:03.514,0.1269736633319378
2022-02-07 04:18:53.711,0.12657539276544003
2022-02-07 05:17:53.120,0.1254462415299134
2022-02-07 06:13:04.097,0.12478916510420147
2022-02-07 07:17:05.568,0.12355395132342022
2022-02-07 08:18:14.871,0.12248367557718935
2022-02-07 09:43:08.136,0.1208605845683933
2022-02-07 10:17:14.234,0.1207291906669455
2022-02-07 11:16:53.960,0.11972055383988289
2022-02-07 12:16:20.579,0.11917968594163696
2022-02-07 13:17:04.268,0.11904651623795058
2022-02-07 14:16:55.371,0.1181182301788704
2022-02-07 15:17:12.951,0.11799887956503922
2022-02-07 16:17:03.971,0.11723855581929293
2022-02-07 17:16:54.710,0.11601525259127242
2022-02-07 18:16:27.070,0.11501796238381508
2022-02-07 19:17:15.061,0.1142734178674752
2022-02-07 20:17:18.277,0.11354826683526295
2022-02-07 21:17:00.225,0.11433834472719136
2022-02-07 22:16:38.241,0.11409285501914199
2022-02-07 23:16:41.233,0.11405528413964296
2022-02-08 00:17:08.493,0.11367045667525766
2022-02-08 01:17:43.348,0.11381691859332867
2022-02-08 02:19:05.771,0.11357946403488052
2022-02-08 03:16:42.617,0.11360018133147981
2022-02-08 04:16:52.416,0.11396032282461015
2022-02-08 04:38:20.000,0.11390374844571331
